Technology,Retrofit level,Efficiency Gain (%),CAPEX (kUSD),OPEX (% or kUSD)
Wind-assisted propulsion systems,Docking,5–40% ,"500–3,000",2–5%
Air lubrication system,Docking,0–8% ,"500–3,500",<1% 
High performance coatings,Docking,2–8%,50–600,N/A
Hull and propeller cleaning,"In operating, during port stay",3–7%,10–50,N/A
ESDs AFT of the propeller,Docking,0–5% ,25–120,N/A
Propeller measures,Docking,2–7% ,"200–2,500",N/A
Electronic auto-tuning,"In operation, off-hire, or docking",0.5–2%,5–10 ,1–3% 
Engine performance testing and tuning,In operation,1–4% ,50–150,1–3%
Shaft generator (PTO/PTI),Docking,1–5%,"700–2,000",0.5–1% 
Variable frequency drives,In operating,0.5–2%,70–300,0.2–2%
Trim optimization,In operation,2–7%,50–60,N/A
Weather routing,In operation,3–10% , Subscription depending on system,2-10%